[
  {
    "model": "common.skill",
    "pk": 1,
    "fields": {
      "name": "Front-end developer",
      "color": "yellow"
    }
  },
  {
    "model": "common.skill",
    "pk": 2,
    "fields": {
      "name": "Back-end developer",
      "color": "blue"
    }
  },
  {
    "model": "common.skill",
    "pk": 3,
    "fields": {
      "name": "UX / UI designer",
      "color": "red"
    }
  },
  {
    "model": "common.skill",
    "pk": 4,
    "fields": {
      "name": "Graphic designer",
      "color": "purple"
    }
  },
  {
    "model": "common.skill",
    "pk": 5,
    "fields": {
      "name": "Business Modeller",
      "color": "cyan"
    }
  },
  {
    "model": "common.skill",
    "pk": 6,
    "fields": {
      "name": "Storyteller",
      "color": "white"
    }
  },
  {
    "model": "common.skill",
    "pk": 7,
    "fields": {
      "name": "Marketer",
      "color": "black"
    }
  },
  {
    "model": "common.skill",
    "pk": 8,
    "fields": {
      "name": "Copywriter",
      "color": "pink"
    }
  },
  {
    "model": "common.skill",
    "pk": 9,
    "fields": {
      "name": "Video editor",
      "color": "orange"
    }
  },
  {
    "model": "common.skill",
    "pk": 10,
    "fields": {
      "name": "Photographer",
      "color": "green"
    }
  },
  {
    "model": "common.coach",
    "pk": 1,
    "fields": {
      "password": "abcdelf",
      "is_superuser": false,
      "is_staff": false,
      "is_active": true,
      "date_joined": "2022-03-19T13:30:53Z",
      "first_name": "Peter",
      "last_name": "Parker",
      "email": "peter@parker.com",
      "is_admin": false,
      "groups": [],
      "user_permissions": []
    }
  },
  {
    "model": "common.coach",
    "pk": 2,
    "fields": {
      "password": "abcdef",
      "last_login": null,
      "is_superuser": false,
      "is_staff": false,
      "is_active": true,
      "date_joined": "2022-03-19T13:31:49Z",
      "first_name": "Friedrich",
      "last_name": "Vandenberghe",
      "email": "friedrich.vandenberghe@ugent.be",
      "is_admin": false,
      "groups": [],
      "user_permissions": []
    }
  },
  {
    "model": "common.coach",
    "pk": 3,
    "fields": {
      "password": "abcdef",
      "last_login": null,
      "is_superuser": false,
      "is_staff": false,
      "is_active": true,
      "date_joined": "2022-03-27T12:38:40Z",
      "first_name": "Lander",
      "last_name": "Saerens",
      "email": "lander.saerens@ugent.be",
      "is_admin": true,
      "groups": [],
      "user_permissions": []
    }
  },
  {
    "model": "common.coach",
    "pk": 4,
    "fields": {
      "password": "abcdef",
      "last_login": null,
      "is_superuser": false,
      "is_staff": false,
      "is_active": true,
      "date_joined": "2022-03-27T12:39:14Z",
      "first_name": "Henri",
      "last_name": "Cattoire",
      "email": "henri.cattoire@ugent.be",
      "is_admin": false,
      "groups": [],
      "user_permissions": []
    }
  },
  {
    "model": "common.coach",
    "pk": 6,
    "fields": {
      "password": "test",
      "last_login": null,
      "is_superuser": false,
      "is_staff": false,
      "is_active": false,
      "date_joined": "2022-04-02T20:15:28Z",
      "first_name": "Bruce",
      "last_name": "Wayne",
      "email": "bruce.wayne@enterprises.com",
      "is_admin": false,
      "groups": [],
      "user_permissions": []
    }
  },
  {
    "model": "common.coach",
    "pk": 7,
    "fields": {
      "password": "abcdef",
      "last_login": null,
      "is_superuser": false,
      "is_staff": false,
      "is_active": true,
      "date_joined": "2022-04-06T13:18:32Z",
      "first_name": "Lisa",
      "last_name": "De Jonghe",
      "email": "lisa.dejonghe@ugent.be",
      "is_admin": false,
      "groups": [],
      "user_permissions": []
    }
  },
  {
    "model": "common.coach",
    "pk": 8,
    "fields": {
      "password": "abcdef",
      "last_login": null,
      "is_superuser": false,
      "is_staff": false,
      "is_active": true,
      "date_joined": "2022-04-06T13:19:03Z",
      "first_name": "Wouter",
      "last_name": "Hennen",
      "email": "wouter.hennen@ugent.be",
      "is_admin": true,
      "groups": [],
      "user_permissions": []
    }
  },
  {
    "model": "common.student",
    "pk": 1,
    "fields": {
      "employment_agreement": "student",
      "hinder_work": "",
      "english_rating": 5,
      "gender": "1",
      "pronouns": "",
      "fun_fact": "I like to paint in my free time.",
      "degree_duration": 3,
      "degree_current_year": 3,
      "alum": false,
      "student_coach": false,
      "best_skill": "Back-end developer",
      "first_name": "Jan",
      "last_name": "Pieter",
      "call_name": "",
      "email": "jan.pieter@example.com",
      "phone_number": "",
      "language": "Dutch",
      "motivation": "I want to make some money to buy new paint!",
      "cv": "https://en.wikipedia.org/wiki/Jan_Pieter_Brueghel",
      "portfolio": "https://en.wikipedia.org/wiki/Jan_Pieter_Brueghel",
      "school_name": "UGent",
      "degree": "MaNaMa",
      "studies": "Computer Science",
      "status": "0",
      "skills": [
        2
      ]
    }
  },
  {
    "model": "common.student",
    "pk": 2,
    "fields": {
      "employment_agreement": "volunteer",
      "hinder_work": "I smoke.",
      "english_rating": 3,
      "gender": "1",
      "pronouns": "he/him",
      "fun_fact": "I like to sleep and drink coffee.",
      "degree_duration": 5,
      "degree_current_year": 3,
      "alum": true,
      "student_coach": false,
      "best_skill": "Front-end developer",
      "first_name": "Wouter",
      "last_name": "Siemens",
      "call_name": "",
      "email": "wouter.siemens@example.com",
      "phone_number": "",
      "language": "Dutch",
      "motivation": "I would love to add OSOC to my cv!",
      "cv": "https://woutersimons.wordpress.com/about/",
      "portfolio": "https://woutersimons.wordpress.com/about/",
      "school_name": "VUB",
      "degree": "Master",
      "studies": "Software Development",
      "status": "0",
      "skills": [
        1,
        2
      ]
    }
  },
  {
    "model": "common.student",
    "pk": 3,
    "fields": {
      "employment_agreement": "student",
      "hinder_work": "",
      "english_rating": 4,
      "gender": "0",
      "pronouns": "she/her",
      "fun_fact": "I like to read books and make music.",
      "degree_duration": 3,
      "degree_current_year": 1,
      "alum": true,
      "student_coach": true,
      "best_skill": "Copywriter",
      "first_name": "Florence",
      "last_name": "Nightingale",
      "call_name": "Flo",
      "email": "flo.floflo@flo.flo",
      "phone_number": "+32444444444",
      "language": "English",
      "motivation": "I am motivated and like working in groups.",
      "cv": "https://en.wikipedia.org/wiki/Florence_Nightingale",
      "portfolio": "https://en.wikipedia.org/wiki/Florence_Nightingale",
      "school_name": "KUL",
      "degree": "Bachelor",
      "studies": "Taal- en letterkunde",
      "status": "1",
      "skills": [
        3
      ]
    }
  },
  {
    "model": "common.student",
    "pk": 4,
    "fields": {
      "employment_agreement": "student",
      "hinder_work": "",
      "english_rating": 4,
      "gender": "0",
      "pronouns": "she/her",
      "fun_fact": "I like to swim and solve complex math problems.",
      "degree_duration": 2,
      "degree_current_year": 1,
      "alum": true,
      "student_coach": false,
      "best_skill": "Graphic designer",
      "first_name": "Sarah",
      "last_name": "Kerrigan",
      "call_name": "Kerrigan",
      "email": "sarah.kerrigan@example.com",
      "phone_number": "",
      "language": "French",
      "motivation": "I want to do my summer internship with OSOC!",
      "cv": "https://en.wikipedia.org/wiki/Sarah_Kerrigan",
      "portfolio": "https://en.wikipedia.org/wiki/Sarah_Kerrigan",
      "school_name": "MIT",
      "degree": "Masters",
      "studies": "Computer Science",
      "status": "2",
      "skills": [
        1,
        2,
        3
      ]
    }
  },
  {
    "model": "common.student",
    "pk": 5,
    "fields": {
      "employment_agreement": "student",
      "hinder_work": "",
      "english_rating": 5,
      "gender": "3",
      "pronouns": "",
      "fun_fact": "I like to act and tell jokes.",
      "degree_duration": 2,
      "degree_current_year": 1,
      "alum": false,
      "student_coach": false,
      "best_skill": "Storyteller",
      "first_name": "Jim",
      "last_name": "Carrey",
      "call_name": "",
      "email": "jim.carrey@example.com",
      "phone_number": "",
      "language": "German",
      "motivation": "I think I don't need and introduction. I am funny and can act, what more do you need?",
      "cv": "https://en.wikipedia.org/wiki/Jim_Carrey",
      "portfolio": "https://en.wikipedia.org/wiki/Jim_Carrey",
      "school_name": "UCL",
      "degree": "Masters",
      "studies": "Communication",
      "status": "4",
      "skills": [
        5,
        6
      ]
    }
  },
  {
    "model": "common.student",
    "pk": 6,
    "fields": {
      "employment_agreement": "volunteer",
      "hinder_work": "I eat donuts, a lot...",
      "english_rating": 5,
      "gender": "0",
      "pronouns": "simp/son",
      "fun_fact": "I like to play golf with my brother Bart.",
      "degree_duration": 6,
      "degree_current_year": 5,
      "alum": false,
      "student_coach": false,
      "best_skill": "Copywriter",
      "first_name": "Lisa",
      "last_name": "Simpsons",
      "call_name": "",
      "email": "lisa@simpsons.com",
      "phone_number": "",
      "language": "dutch",
      "motivation": "My parents thinks its time for me to start working.",
      "cv": "https://simpsons.fandom.com/wiki/Lisa_Simpson",
      "portfolio": "https://simpsons.fandom.com/wiki/Lisa_Simpson",
      "school_name": "Springfield Elementary",
      "degree": "Lower School",
      "studies": "Not applicable",
      "status": "5",
      "skills": [
        6
      ]
    }
  },
  {
    "model": "common.student",
    "pk": 7,
    "fields": {
      "employment_agreement": "student",
      "hinder_work": "",
      "english_rating": 5,
      "gender": "1",
      "pronouns": "ze/hir/hir",
      "fun_fact": "I like graphs.",
      "degree_duration": 5,
      "degree_current_year": 5,
      "alum": false,
      "student_coach": false,
      "best_skill": "Front-end developer",
      "first_name": "Edsger",
      "last_name": "Dijkstra",
      "call_name": "Dijkstra",
      "email": "edsger@dijkstra.nl",
      "phone_number": "",
      "language": "English",
      "motivation": "I would love to design a new algorithm with OSOC!",
      "cv": "https://en.wikipedia.org/wiki/Edsger_W._Dijkstra",
      "portfolio": "https://en.wikipedia.org/wiki/Edsger_W._Dijkstra",
      "school_name": "Leiden",
      "degree": "BS & MS",
      "studies": "Mathematics",
      "status": "2",
      "skills": [
        1,
        3,
        4,
        7
      ]
    }
  },
  {
    "model": "common.student",
    "pk": 8,
    "fields": {
      "employment_agreement": "student",
      "hinder_work": "I get lost in discussions.",
      "english_rating": 2,
      "gender": "0",
      "pronouns": "by firstname",
      "fun_fact": "I like baguettes!",
      "degree_duration": 2,
      "degree_current_year": 2,
      "alum": false,
      "student_coach": false,
      "best_skill": "UX/ UI designer",
      "first_name": "Bertrand",
      "last_name": "Meyer",
      "call_name": "",
      "email": "bertrand.meyer@france.fr",
      "phone_number": "",
      "language": "Dutch",
      "motivation": "I would like to meet new people.",
      "cv": "https://en.wikipedia.org/wiki/Bertrand_Meyer",
      "portfolio": "https://en.wikipedia.org/wiki/Bertrand_Meyer",
      "school_name": "École Polytechnique",
      "degree": "Masters",
      "studies": "Engineering",
      "status": "1",
      "skills": [
        2,
        6,
        7
      ]
    }
  },
  {
    "model": "common.student",
    "pk": 9,
    "fields": {
      "employment_agreement": "volunteer",
      "hinder_work": "",
      "english_rating": 5,
      "gender": "0",
      "pronouns": "",
      "fun_fact": "I like to eat pasta.",
      "degree_duration": 2,
      "degree_current_year": 2,
      "alum": true,
      "student_coach": true,
      "best_skill": "Comm",
      "first_name": "Jean-Raymond",
      "last_name": "Abrial",
      "call_name": "",
      "email": "jean@ariel.fr",
      "phone_number": "",
      "language": "Dutch ",
      "motivation": "I would like to do some volunteering for a good cause.",
      "cv": "https://en.wikipedia.org/wiki/Jean-Raymond_Abrial",
      "portfolio": "https://en.wikipedia.org/wiki/Jean-Raymond_Abrial",
      "school_name": "ETH Zurich",
      "degree": "Professor",
      "studies": "Engineering",
      "status": "3",
      "skills": [
        3,
        6
      ]
    }
  },
  {
    "model": "common.student",
    "pk": 10,
    "fields": {
      "employment_agreement": "student",
      "hinder_work": "",
      "english_rating": 5,
      "gender": "0",
      "pronouns": "",
      "fun_fact": "I like to to talk about the Brexit.",
      "degree_duration": 2,
      "degree_current_year": 2,
      "alum": false,
      "student_coach": false,
      "best_skill": "Full stack",
      "first_name": "Jonathan",
      "last_name": "Bowen",
      "call_name": "",
      "email": "bowen@bouwer.co.uk",
      "phone_number": "",
      "language": "Spanish",
      "motivation": "I need money to fund my erasmus journey next year.",
      "cv": "https://en.wikipedia.org/wiki/Jonathan_Bowen",
      "portfolio": "https://en.wikipedia.org/wiki/Jonathan_Bowen",
      "school_name": "University College, Oxford",
      "degree": "MA",
      "studies": "Engineering Science",
      "status": "4",
      "skills": [
        2,
        4,
        7
      ]
    }
  },
  {
    "model": "common.student",
    "pk": 11,
    "fields": {
      "employment_agreement": "student",
      "hinder_work": "",
      "english_rating": 3,
      "gender": "0",
      "pronouns": "",
      "fun_fact": "I like to play tennis.",
      "degree_duration": 2,
      "degree_current_year": 2,
      "alum": false,
      "student_coach": false,
      "best_skill": "Full stack",
      "first_name": "Egon",
      "last_name": "Börger",
      "call_name": "",
      "email": "egon@bergerman.de",
      "phone_number": "",
      "language": "Italian",
      "motivation": "My mom says I can't play videogames all summer.",
      "cv": "https://en.wikipedia.org/wiki/Egon_B%C3%B6rger",
      "portfolio": "https://en.wikipedia.org/wiki/Egon_B%C3%B6rger",
      "school_name": "University of Münster",
      "degree": "Masters",
      "studies": "Computer Science",
      "status": "2",
      "skills": [
        1,
        2,
        3,
        4,
        5,
        6,
        7
      ]
    }
  },
  {
    "model": "common.project",
    "pk": 1,
    "fields": {
      "name": "Destination Insight",
      "partner_name": "NMBS",
      "extra_info": "Use [NMBS](https://www.youtube.com/watch?v=MF_5obRl9kw) route search data in a user friendly application 🚆.\n",
      "coaches": [
        2
      ]
    }
  },
  {
    "model": "common.project",
    "pk": 2,
    "fields": {
      "name": "Bike To Work",
      "partner_name": "Brussels Mobility",
      "extra_info": "An application that finds optimal biking routes to work. Improve the UI/UX of our application!\n - [x] Motivation\n - [x] Love for design\n- [x] Love for bikes 🚲",
      "coaches": [
        2
      ]
    }
  },
  {
    "model": "common.project",
    "pk": 3,
    "fields": {
      "name": "Big Brother",
      "partner_name": "Meemoo",
      "extra_info": "**Big brother** is an open-source, open-data application that uses advanced AI to do facial recognition.",
      "coaches": [
        3,
        4
      ]
    }
  },
  {
    "model": "common.project",
    "pk": 4,
    "fields": {
      "name": "Seaspiration",
      "partner_name": "FLIZ",
      "extra_info": "Help us visualise and link together all our [data](https://www.vliz.be/en/datasets-belgian-coast-and-sea) about the Belgian coast and sea!\n\n![fish-bowl](https://bestanimations.com/Animals/Fish/goldfishbowl-animation.gif)",
      "coaches": [
        3,
        4
      ]
    }
  },
  {
    "model": "common.project",
    "pk": 5,
    "fields": {
      "name": "OSOC Team",
      "partner_name": "OSOC",
      "extra_info": "Making sure communication flows smoothly at **osoc22**.",
      "coaches": [
        2
      ]
    }
  },
  {
    "model": "common.project",
    "pk": 6,
    "fields": {
      "name": "Rediscover cities",
      "partner_name": "IDLab",
      "extra_info": "Create an AI that suggests unique things to rediscover your favourite city!",
      "coaches": [
        8,
        2,
        4
      ]
    }
  },
  {
    "model": "common.project",
    "pk": 7,
    "fields": {
      "name": "Open Election",
      "partner_name": "Vlaamse Overheid",
      "extra_info": "Make election data open and accessible to citizens.",
      "coaches": [
        8,
        1,
        4,
        7
      ]
    }
  },
  {
    "model": "common.project",
    "pk": 8,
    "fields": {
      "name": "Beyond Passwords",
      "partner_name": "NGI Trust",
      "extra_info": "We need to move **[beyond passwords](https://www.ngi.eu/ngi-projects/ngi-trust/#beyond_passwords)**.",
      "coaches": [
        8,
        2
      ]
    }
  },
  {
    "model": "common.project",
    "pk": 9,
    "fields": {
      "name": "Brain-On-Chip",
      "partner_name": "Imec",
      "extra_info": "Help creating a chip to decode dementia.",
      "coaches": [
        2,
        4,
        7
      ]
    }
  },
  {
    "model": "common.project",
    "pk": 10,
    "fields": {
      "name": "Save Graffiti",
      "partner_name": "Urban.brussels",
      "extra_info": "Create an open web application to visualise legal graffiti spots around Brussels.",
      "coaches": [
        8,
        6,
        7
      ]
    }
  },
  {
    "model": "common.project",
    "pk": 11,
    "fields": {
      "name": "S.T.E.M.",
      "partner_name": "European commission",
      "extra_info": "Improve gender equality in the S.T.E.M field.",
      "coaches": [
        2
      ]
    }
  },
  {
    "model": "common.requiredskills",
    "pk": 1,
    "fields": {
      "project": 1,
      "skill": 2,
      "amount": 4
    }
  },
  {
    "model": "common.requiredskills",
    "pk": 2,
    "fields": {
      "project": 3,
      "skill": 2,
      "amount": 4
    }
  },
  {
    "model": "common.requiredskills",
    "pk": 3,
    "fields": {
      "project": 4,
      "skill": 3,
      "amount": 3
    }
  },
  {
    "model": "common.requiredskills",
    "pk": 4,
    "fields": {
      "project": 5,
      "skill": 1,
      "amount": 3
    }
  },
  {
    "model": "common.requiredskills",
    "pk": 5,
    "fields": {
      "project": 2,
      "skill": 1,
      "amount": 2
    }
  },
  {
    "model": "common.requiredskills",
    "pk": 6,
    "fields": {
      "project": 4,
      "skill": 1,
      "amount": 3
    }
  },
  {
    "model": "common.requiredskills",
    "pk": 7,
    "fields": {
      "project": 4,
      "skill": 5,
      "amount": 5
    }
  },
  {
    "model": "common.requiredskills",
    "pk": 8,
    "fields": {
      "project": 6,
      "skill": 4,
      "amount": 5
    }
  },
  {
    "model": "common.requiredskills",
    "pk": 9,
    "fields": {
      "project": 5,
      "skill": 4,
      "amount": 2
    }
  },
  {
    "model": "common.requiredskills",
    "pk": 10,
    "fields": {
      "project": 4,
      "skill": 4,
      "amount": 3
    }
  },
  {
    "model": "common.requiredskills",
    "pk": 11,
    "fields": {
      "project": 2,
      "skill": 3,
      "amount": 4
    }
  },
  {
    "model": "common.suggestion",
    "pk": 1,
    "fields": {
      "final": false,
      "student": 1,
      "coach": 2,
      "suggestion": "0",
      "reason": "Past qua profiel perfect bij Destination Insight."
    }
  },
  {
    "model": "common.suggestion",
    "pk": 2,
    "fields": {
      "final": true,
      "student": 2,
      "coach": 4,
      "suggestion": "2",
      "reason": ""
    }
  },
  {
    "model": "common.suggestion",
    "pk": 3,
    "fields": {
      "final": false,
      "student": 3,
      "coach": 2,
      "suggestion": "1",
      "reason": "Bleek na interview toch geen match met het één van de projecten."
    }
  },
  {
    "model": "common.suggestion",
    "pk": 4,
    "fields": {
      "final": false,
      "student": 3,
      "coach": 4,
      "suggestion": "0",
      "reason": ""
    }
  },
  {
    "model": "common.suggestion",
    "pk": 5,
    "fields": {
      "final": false,
      "student": 1,
      "coach": 3,
      "suggestion": "0",
      "reason": ""
    }
  },
  {
    "model": "common.suggestion",
    "pk": 6,
    "fields": {
      "final": true,
      "student": 1,
      "coach": 4,
      "suggestion": "2",
      "reason": ""
    }
  },
  {
    "model": "common.suggestion",
    "pk": 7,
    "fields": {
      "final": false,
      "student": 9,
      "coach": 8,
      "suggestion": "2",
      "reason": ""
    }
  },
  {
    "model": "common.suggestion",
    "pk": 8,
    "fields": {
      "final": false,
      "student": 3,
      "coach": 8,
      "suggestion": "1",
      "reason": ""
    }
  },
  {
    "model": "common.suggestion",
    "pk": 9,
    "fields": {
      "final": false,
      "student": 10,
      "coach": 7,
      "suggestion": "1",
      "reason": ""
    }
  },
  {
    "model": "common.suggestion",
    "pk": 10,
    "fields": {
      "final": true,
      "student": 11,
      "coach": 3,
      "suggestion": "1",
      "reason": ""
    }
  },
  {
    "model": "common.suggestion",
    "pk": 11,
    "fields": {
      "final": false,
      "student": 6,
      "coach": 4,
      "suggestion": "0",
      "reason": ""
    }
  },
  {
    "model": "common.suggestion",
    "pk": 12,
    "fields": {
      "final": false,
      "student": 5,
      "coach": 1,
      "suggestion": "2",
      "reason": ""
    }
  },
  {
    "model": "common.suggestion",
    "pk": 13,
    "fields": {
      "final": true,
      "student": 8,
      "coach": 3,
      "suggestion": "2",
      "reason": ""
    }
  },
  {
    "model": "common.suggestion",
    "pk": 14,
    "fields": {
      "final": false,
      "student": 10,
      "coach": 8,
      "suggestion": "2",
      "reason": ""
    }
  },
  {
    "model": "common.suggestion",
    "pk": 15,
    "fields": {
      "final": true,
      "student": 4,
      "coach": 4,
      "suggestion": "2",
      "reason": ""
    }
  },
  {
    "model": "common.suggestion",
    "pk": 16,
    "fields": {
      "final": false,
      "student": 8,
      "coach": 4,
      "suggestion": "2",
      "reason": ""
    }
  },
  {
    "model": "common.projectsuggestion",
    "pk": 1,
    "fields": {
      "reason": "Heeft al een vakantiejob gedaan bij NMBS.",
      "project": 1,
      "student": 3,
      "coach": 3,
      "skill_id": 2
    }
  },
  {
    "model": "common.projectsuggestion",
    "pk": 2,
    "fields": {
      "reason": "",
      "project": 5,
      "student": 7,
      "coach": 4,
      "skill_id": 1
    }
  },
  {
    "model": "common.projectsuggestion",
    "pk": 3,
    "fields": {
      "reason": "",
      "project": 3,
      "student": 5,
      "coach": 7,
      "skill_id": 2
    }
  },
  {
    "model": "common.projectsuggestion",
    "pk": 4,
    "fields": {
      "reason": "Woont in Blankenberge en is gefascineerd door de Belgische kust!",
      "project": 4,
      "student": 5,
      "coach": 4,
      "skill_id": 5
    }
  },
  {
    "model": "common.projectsuggestion",
    "pk": 5,
    "fields": {
      "reason": "",
      "project": 4,
      "student": 6,
      "coach": 7,
      "skill_id": 3
    }
  },
  {
    "model": "common.projectsuggestion",
    "pk": 6,
    "fields": {
      "reason": "",
      "project": 2,
      "student": 2,
      "coach": 8,
      "skill_id": 2
    }
  },
  {
    "model": "common.projectsuggestion",
    "pk": 7,
    "fields": {
      "reason": "",
      "project": 1,
      "student": 2,
      "coach": 1,
      "skill_id": 2
    }
  },
  {
    "model": "common.projectsuggestion",
    "pk": 8,
    "fields": {
      "reason": "",
      "project": 6,
      "student": 4,
      "coach": 2,
      "skill_id": 4
    }
  },
  {
    "model": "common.projectsuggestion",
    "pk": 9,
    "fields": {
      "reason": "",
      "project": 5,
      "student": 8,
      "coach": 3,
      "skill_id": 4
    }
  },
  {
    "model": "common.projectsuggestion",
    "pk": 10,
    "fields": {
      "reason": "",
      "project": 4,
      "student": 4,
      "coach": 1,
      "skill_id": 3
    }
  },
  {
    "model": "common.sentemail",
    "pk": 1,
    "fields": {
      "sender": 1,
      "receiver": 3,
      "info": "confirmation",
      "time": "2022-04-12T14:07:27.612Z"
    }
  },
  {
    "model": "common.sentemail",
    "pk": 2,
    "fields": {
      "sender": 3,
      "receiver": 4,
      "info": "confirmation",
      "time": "2022-03-05T18:04:30.03Z"
    }
  },
  {
    "model": "common.sentemail",
    "pk": 3,
    "fields": {
      "sender": 2,
      "receiver": 5,
      "info": "confirmation",
      "time": "2022-04-12T14:23:21Z"
    }
  },
  {
    "model": "common.sentemail",
    "pk": 4,
    "fields": {
      "sender": 2,
      "receiver": 5,
      "info": "contract",
      "time": "2022-05-01T21:45:31.13Z"
    }
  },
  {
    "model": "common.sentemail",
    "pk": 5,
    "fields": {
      "sender": 6,
      "receiver": 6,
      "info": "rejection",
      "time": "2022-05-01T21:56:12.456Z"
    }
  },
  {
    "model": "common.sentemail",
    "pk": 6,
    "fields": {
      "sender": 1,
      "receiver": 7,
      "info": "approved",
      "time": "2022-04-20T13:37:42.666Z"
    }
  },
  {
    "model": "common.sentemail",
    "pk": 7,
    "fields": {
      "sender": 7,
      "receiver": 8,
      "info": "hold tight",
      "time": "2022-04-21T09:55:00Z"
    }
  },
  {
    "model": "common.sentemail",
    "pk": 7,
    "fields": {
      "sender": 4,
      "receiver": 9,
      "info": "confirmation",
      "time": "2022-05-01T18:02:56.23Z"
    }
  },
  {
    "model": "common.sentemail",
    "pk": 7,
    "fields": {
      "sender": 4,
      "receiver": 9,
      "info": "contract",
      "time": "2022-05-02T19:17:22.21Z"
    }
  }
]
