[
  {
    "model": "common.skill",
    "pk": 1,
    "fields": {
      "name": "Front-end developer",
      "color": "yellow"
    }
  },
  {
    "model": "common.skill",
    "pk": 2,
    "fields": {
      "name": "Back-end developer",
      "color": "blue"
    }
  },
  {
    "model": "common.skill",
    "pk": 3,
    "fields": {
      "name": "Sysadmin",
      "color": "red"
    }
  },
  {
    "model": "common.skill",
    "pk": 4,
    "fields": {
      "name": "Full-stack developer",
      "color": "magenta"
    }
  },
  {
    "model": "common.skill",
    "pk": 5,
    "fields": {
      "name": "Student coach",
      "color": "cyan"
    }
  },
  {
    "model": "common.skill",
    "pk": 6,
    "fields": {
      "name": "Communication Expert",
      "color": "white"
    }
  },
  {
    "model": "common.skill",
    "pk": 7,
    "fields": {
      "name": "Tester",
      "color": "black"
    }
  },
  {
    "model": "common.coach",
    "pk": 1,
    "fields": {
      "password": "pbkdf2_sha256$260000$KSkTj3rghH0hT1VHV6iiHl$asJxNBNnkwZeceqjETcr74rAcocEdX2ITGCnVbcERck=",
      "last_login": "2022-04-06T13:16:36.880Z",
      "is_superuser": true,
      "is_staff": true,
      "is_active": true,
      "date_joined": "2022-03-19T13:30:53Z",
      "first_name": "admin",
      "last_name": "admin",
      "email": "admin@example.com",
      "is_admin": true,
      "groups": [],
      "user_permissions": []
    }
  },
  {
    "model": "common.coach",
    "pk": 2,
    "fields": {
      "password": "abcdef",
      "last_login": null,
      "is_superuser": false,
      "is_staff": false,
      "is_active": true,
      "date_joined": "2022-03-19T13:31:49Z",
      "first_name": "Friedrich",
      "last_name": "Vandenberghe",
      "email": "friedrich.vandenberghe@ugent.be",
      "is_admin": false,
      "groups": [],
      "user_permissions": []
    }
  },
  {
    "model": "common.coach",
    "pk": 3,
    "fields": {
      "password": "abcdef",
      "last_login": null,
      "is_superuser": false,
      "is_staff": false,
      "is_active": true,
      "date_joined": "2022-03-27T12:38:40Z",
      "first_name": "Lander",
      "last_name": "Saerens",
      "email": "lander.saerens@ugent.be",
      "is_admin": true,
      "groups": [],
      "user_permissions": []
    }
  },
  {
    "model": "common.coach",
    "pk": 4,
    "fields": {
      "password": "abcdef",
      "last_login": null,
      "is_superuser": false,
      "is_staff": false,
      "is_active": true,
      "date_joined": "2022-03-27T12:39:14Z",
      "first_name": "Henri",
      "last_name": "Cattoire",
      "email": "henri.cattoire@ugent.be",
      "is_admin": false,
      "groups": [],
      "user_permissions": []
    }
  },
  {
    "model": "common.coach",
    "pk": 6,
    "fields": {
      "password": "test",
      "last_login": null,
      "is_superuser": false,
      "is_staff": false,
      "is_active": false,
      "date_joined": "2022-04-02T20:15:28Z",
      "first_name": "test",
      "last_name": "test",
      "email": "test@example.com",
      "is_admin": false,
      "groups": [],
      "user_permissions": []
    }
  },
  {
    "model": "common.coach",
    "pk": 7,
    "fields": {
      "password": "abcdef",
      "last_login": null,
      "is_superuser": false,
      "is_staff": false,
      "is_active": true,
      "date_joined": "2022-04-06T13:18:32Z",
      "first_name": "Lisa",
      "last_name": "De Jonghe",
      "email": "lisa.dejonghe@ugent.be",
      "is_admin": false,
      "groups": [],
      "user_permissions": []
    }
  },
  {
    "model": "common.coach",
    "pk": 8,
    "fields": {
      "password": "abcdef",
      "last_login": null,
      "is_superuser": false,
      "is_staff": false,
      "is_active": true,
      "date_joined": "2022-04-06T13:19:03Z",
      "first_name": "Wouter",
      "last_name": "Hennen",
      "email": "wouter.hennen@ugent.be",
      "is_admin": true,
      "groups": [],
      "user_permissions": []
    }
  },
  {
    "model": "common.student",
    "pk": 1,
    "fields": {
      "employment_agreement": "student",
      "hinder_work": "",
      "english_rating": 5,
      "gender": "1",
      "pronouns": "",
      "fun_fact": "I skateboard",
      "degree_duration": 3,
      "degree_current_year": 3,
      "alum": false,
      "student_coach": false,
      "best_skill": "Back-end Dev",
      "first_name": "Jan",
      "last_name": "Pieter",
      "call_name": "",
      "email": "jan.pieter@example.com",
      "phone_number": "",
      "language": "0",
      "motivation": "Test.",
      "cv": "http://example.com",
      "portfolio": "http://example.com",
      "school_name": "UGent",
      "degree": "MaNaMa",
      "studies": "Computer Science",
      "skills": [
        2
      ]
    }
  },
  {
    "model": "common.student",
    "pk": 2,
    "fields": {
      "employment_agreement": "volunteer",
      "hinder_work": "I smoke",
      "english_rating": 3,
      "gender": "1",
      "pronouns": "he/him",
      "fun_fact": "I like to drink coffee",
      "degree_duration": 500,
      "degree_current_year": 100,
      "alum": true,
      "student_coach": false,
      "best_skill": "Front-end Dev",
      "first_name": "Wouter",
      "last_name": "Siemens",
      "call_name": "",
      "email": "wouter.siemens@example.com",
      "phone_number": "",
      "language": "3",
      "motivation": "",
      "cv": "http://example.com",
      "portfolio": "http://example.com",
      "school_name": "VUB",
      "degree": "500 Masters",
      "studies": "Zeverologie",
      "skills": [
        1,
        2
      ]
    }
  },
  {
    "model": "common.student",
    "pk": 3,
    "fields": {
      "employment_agreement": "student",
      "hinder_work": "",
      "english_rating": 4,
      "gender": "0",
      "pronouns": "she/her",
      "fun_fact": "I like to read books",
      "degree_duration": 3,
      "degree_current_year": 1,
      "alum": true,
      "student_coach": true,
      "best_skill": "Sysadmin",
      "first_name": "Florence",
      "last_name": "Nightingale",
      "call_name": "Flo",
      "email": "flo.floflo@flo.flo",
      "phone_number": "+32444444444",
      "language": "4",
      "motivation": "",
      "cv": "http://example.com",
      "portfolio": "http://example.com",
      "school_name": "KUL",
      "degree": "Bachelor",
      "studies": "Taal- en letterkunde",
      "skills": [
        3
      ]
    }
  },
  {
    "model": "common.student",
    "pk": 4,
    "fields": {
      "employment_agreement": "student",
      "hinder_work": "",
      "english_rating": 4,
      "gender": "0",
      "pronouns": "she/her",
      "fun_fact": "I like to swim",
      "degree_duration": 2,
      "degree_current_year": 1,
      "alum": true,
      "student_coach": false,
      "best_skill": "sysadmin",
      "first_name": "Sarah",
      "last_name": "Kerrigan",
      "call_name": "Kerrigan",
      "email": "sarah.kerrigan@example.com",
      "phone_number": "",
      "language": "1",
      "motivation": "",
      "cv": "http://example.com",
      "portfolio": "http://example.com",
      "school_name": "MIT",
      "degree": "Masters",
      "studies": "Computer Science",
      "skills": [
        1,
        2,
        3
      ]
    }
  },
  {
    "model": "common.student",
    "pk": 5,
    "fields": {
      "employment_agreement": "student",
      "hinder_work": "",
      "english_rating": 5,
      "gender": "3",
      "pronouns": "",
      "fun_fact": "I like to act",
      "degree_duration": 2,
      "degree_current_year": 1,
      "alum": false,
      "student_coach": false,
      "best_skill": "Communication",
      "first_name": "Jim",
      "last_name": "Carrey",
      "call_name": "",
      "email": "jim.carrey@example.com",
      "phone_number": "",
      "language": "1",
      "motivation": "",
      "cv": "http://example.com",
      "portfolio": "http://example.com",
      "school_name": "UCL",
      "degree": "Masters",
      "studies": "Communication",
      "skills": [
        5,
        6
      ]
    }
  },
  {
    "model": "common.student",
    "pk": 6,
    "fields": {
      "employment_agreement": "volunteer",
      "hinder_work": "I eat donuts, a lot",
      "english_rating": 5,
      "gender": "0",
      "pronouns": "simp/son",
      "fun_fact": "I like to spend time with my brother Bart",
      "degree_duration": 6,
      "degree_current_year": 5,
      "alum": false,
      "student_coach": false,
      "best_skill": "Communication",
      "first_name": "Lisa",
      "last_name": "Simpsons",
      "call_name": "",
      "email": "lisa@simpsons.com",
      "phone_number": "",
      "language": "1",
      "motivation": "",
      "cv": "http://example.com",
      "portfolio": "http://example.com",
      "school_name": "Springfield Elementary",
      "degree": "Lower School",
      "studies": "Not applicable",
      "skills": [
        6
      ]
    }
  },
  {
    "model": "common.student",
    "pk": 7,
    "fields": {
      "employment_agreement": "student",
      "hinder_work": "",
      "english_rating": 5,
      "gender": "1",
      "pronouns": "ze/hir/hir",
      "fun_fact": "I like maps",
      "degree_duration": 5,
      "degree_current_year": 5,
      "alum": false,
      "student_coach": false,
      "best_skill": "Front-end dev",
      "first_name": "Edsger",
      "last_name": "Dijkstra",
      "call_name": "Dijkstra",
      "email": "edsger@dijkstra.nl",
      "phone_number": "",
      "language": "0",
      "motivation": "",
      "cv": "https://en.wikipedia.org/wiki/Edsger_W._Dijkstra",
      "portfolio": "https://en.wikipedia.org/wiki/Edsger_W._Dijkstra",
      "school_name": "Leiden",
      "degree": "BS & MS",
      "studies": "Mathematics",
      "skills": [
        1,
        3,
        4,
        7
      ]
    }
  },
  {
    "model": "common.student",
    "pk": 8,
    "fields": {
      "employment_agreement": "student",
      "hinder_work": "I get lost in discussions",
      "english_rating": 2,
      "gender": "0",
      "pronouns": "by firstname",
      "fun_fact": "I like france",
      "degree_duration": 2,
      "degree_current_year": 2,
      "alum": false,
      "student_coach": false,
      "best_skill": "Tester",
      "first_name": "Bertrand",
      "last_name": "Meyer",
      "call_name": "",
      "email": "bertrand.meyer@france.fr",
      "phone_number": "",
      "language": "2",
      "motivation": "",
      "cv": "https://en.wikipedia.org/wiki/Bertrand_Meyer",
      "portfolio": "https://en.wikipedia.org/wiki/Bertrand_Meyer",
      "school_name": "École Polytechnique",
      "degree": "Masters",
      "studies": "Engineering",
      "skills": [
        2,
        6,
        7
      ]
    }
  },
  {
    "model": "common.student",
    "pk": 9,
    "fields": {
      "employment_agreement": "volunteer",
      "hinder_work": "",
      "english_rating": 5,
      "gender": "0",
      "pronouns": "",
      "fun_fact": "I like to supervise",
      "degree_duration": 2,
      "degree_current_year": 2,
      "alum": true,
      "student_coach": true,
      "best_skill": "Comm",
      "first_name": "Jean-Raymond",
      "last_name": "Abrial",
      "call_name": "",
      "email": "jean@ariel.fr",
      "phone_number": "",
      "language": "2",
      "motivation": "",
      "cv": "https://en.wikipedia.org/wiki/Jean-Raymond_Abrial",
      "portfolio": "https://en.wikipedia.org/wiki/Jean-Raymond_Abrial",
      "school_name": "ETH Zurich",
      "degree": "Professor",
      "studies": "Engineering",
      "skills": [
        3,
        6
      ]
    }
  },
  {
    "model": "common.student",
    "pk": 10,
    "fields": {
      "employment_agreement": "student",
      "hinder_work": "",
      "english_rating": 5,
      "gender": "0",
      "pronouns": "",
      "fun_fact": "I like to to talk about the Brexit",
      "degree_duration": 2,
      "degree_current_year": 2,
      "alum": false,
      "student_coach": false,
      "best_skill": "Full stack",
      "first_name": "Jonathan",
      "last_name": "Bowen",
      "call_name": "",
      "email": "bowen@bouwer.co.uk",
      "phone_number": "",
      "language": "1",
      "motivation": "",
      "cv": "https://en.wikipedia.org/wiki/Jonathan_Bowen",
      "portfolio": "https://en.wikipedia.org/wiki/Jonathan_Bowen",
      "school_name": "University College, Oxford",
      "degree": "MA",
      "studies": "Engineering Science",
      "skills": [
        2,
        4,
        7
      ]
    }
  },
  {
    "model": "common.student",
    "pk": 11,
    "fields": {
      "employment_agreement": "student",
      "hinder_work": "",
      "english_rating": 3,
      "gender": "0",
      "pronouns": "",
      "fun_fact": "I like to play tennis",
      "degree_duration": 2,
      "degree_current_year": 2,
      "alum": false,
      "student_coach": false,
      "best_skill": "Full stack",
      "first_name": "Egon",
      "last_name": "Börger",
      "call_name": "",
      "email": "egon@bergerman.de",
      "phone_number": "",
      "language": "3",
      "motivation": "",
      "cv": "https://en.wikipedia.org/wiki/Egon_B%C3%B6rger",
      "portfolio": "https://en.wikipedia.org/wiki/Egon_B%C3%B6rger",
      "school_name": "University of Münster",
      "degree": "Masters",
      "studies": "Computer Science",
      "skills": [
        1,
        2,
        3,
        4,
        5,
        6,
        7
      ]
    }
  },
  {
    "model": "common.project",
    "pk": 1,
    "fields": {
      "name": "Project A",
      "partner_name": "Belfius",
      "extra_info": "Project A",
      "coaches": [
        2
      ]
    }
  },
  {
    "model": "common.project",
    "pk": 2,
    "fields": {
      "name": "Project B",
      "partner_name": "Nelfius",
      "extra_info": "Project B",
      "coaches": [
        2
      ]
    }
  },
  {
    "model": "common.project",
    "pk": 3,
    "fields": {
      "name": "Project C",
      "partner_name": "Discsoft",
      "extra_info": "urlke",
      "coaches": [
        3,
        4
      ]
    }
  },
  {
    "model": "common.project",
    "pk": 4,
    "fields": {
      "name": "Project D",
      "partner_name": "MicroBook",
      "extra_info": "urlke",
      "coaches": [
        2
      ]
    }
  },
  {
    "model": "common.project",
    "pk": 5,
    "fields": {
      "name": "Project E",
      "partner_name": "3M & M",
      "extra_info": "oui",
      "coaches": [
        3,
        4
      ]
    }
  },
  {
    "model": "common.project",
    "pk": 6,
    "fields": {
      "name": "Project F",
      "partner_name": "Inex",
      "extra_info": "Iets",
      "coaches": [
        8,
        2,
        4
      ]
    }
  },
  {
    "model": "common.project",
    "pk": 7,
    "fields": {
      "name": "Project K",
      "partner_name": "OptiDisc",
      "extra_info": "DiscOptie",
      "coaches": [
        8,
        1,
        4,
        7
      ]
    }
  },
  {
    "model": "common.project",
    "pk": 8,
    "fields": {
      "name": "Project ABC",
      "partner_name": "R.E.M.",
      "extra_info": "Automatic For The People",
      "coaches": [
        8,
        2
      ]
    }
  },
  {
    "model": "common.project",
    "pk": 9,
    "fields": {
      "name": "Combo Touch",
      "partner_name": "Logitech",
      "extra_info": "Touch die combo!",
      "coaches": [
        2,
        4,
        7
      ]
    }
  },
  {
    "model": "common.project",
    "pk": 10,
    "fields": {
      "name": "Borderlands King",
      "partner_name": "Stephen Eragon",
      "extra_info": "Plop",
      "coaches": [
        8,
        6,
        7
      ]
    }
  },
  {
    "model": "common.project",
    "pk": 11,
    "fields": {
      "name": "Beiard",
      "partner_name": "Massa",
      "extra_info": "Snoopy",
      "coaches": [
        2
      ]
    }
  },
  {
    "model": "common.requiredskills",
    "pk": 1,
    "fields": {
      "project": 1,
      "skill": 2,
      "amount": 4
    }
  },
  {
    "model": "common.requiredskills",
    "pk": 2,
    "fields": {
      "project": 3,
      "skill": 2,
      "amount": 4
    }
  },
  {
    "model": "common.requiredskills",
    "pk": 3,
    "fields": {
      "project": 4,
      "skill": 3,
      "amount": 3
    }
  },
  {
    "model": "common.requiredskills",
    "pk": 4,
    "fields": {
      "project": 5,
      "skill": 1,
      "amount": 3
    }
  },
  {
    "model": "common.requiredskills",
    "pk": 5,
    "fields": {
      "project": 2,
      "skill": 2,
      "amount": 1
    }
  },
  {
    "model": "common.requiredskills",
    "pk": 6,
    "fields": {
      "project": 4,
      "skill": 1,
      "amount": 1
    }
  },
  {
    "model": "common.requiredskills",
    "pk": 7,
    "fields": {
      "project": 4,
      "skill": 5,
      "amount": 5
    }
  },
  {
    "model": "common.requiredskills",
    "pk": 8,
    "fields": {
      "project": 6,
      "skill": 4,
      "amount": 5
    }
  },
  {
    "model": "common.requiredskills",
    "pk": 9,
    "fields": {
      "project": 5,
      "skill": 4,
      "amount": 2
    }
  },
  {
    "model": "common.requiredskills",
    "pk": 10,
    "fields": {
      "project": 4,
      "skill": 4,
      "amount": 1
    }
  },
  {
    "model": "common.suggestion",
    "pk": 1,
    "fields": {
      "student": 1,
      "coach": 2,
      "suggestion": "0",
      "reason": ""
    }
  },
  {
    "model": "common.suggestion",
    "pk": 2,
    "fields": {
      "student": 2,
      "coach": 4,
      "suggestion": "2",
      "reason": "Een goeie uitleg"
    }
  },
  {
    "model": "common.suggestion",
    "pk": 3,
    "fields": {
      "student": 3,
      "coach": 2,
      "suggestion": "1",
      "reason": "Ze is te dom"
    }
  },
  {
    "model": "common.suggestion",
    "pk": 4,
    "fields": {
      "student": 3,
      "coach": 4,
      "suggestion": "0",
      "reason": "Ze is te slim"
    }
  },
  {
    "model": "common.suggestion",
    "pk": 5,
    "fields": {
      "student": 1,
      "coach": 3,
      "suggestion": "0",
      "reason": ""
    }
  },
  {
    "model": "common.suggestion",
    "pk": 6,
    "fields": {
      "student": 1,
      "coach": 4,
      "suggestion": "2",
      "reason": ""
    }
  },
  {
    "model": "common.suggestion",
    "pk": 7,
    "fields": {
      "student": 9,
      "coach": 8,
      "suggestion": "2",
      "reason": ""
    }
  },
  {
    "model": "common.suggestion",
    "pk": 8,
    "fields": {
      "student": 3,
      "coach": 8,
      "suggestion": "1",
      "reason": ""
    }
  },
  {
    "model": "common.suggestion",
    "pk": 9,
    "fields": {
      "student": 10,
      "coach": 7,
      "suggestion": "1",
      "reason": ""
    }
  },
  {
    "model": "common.suggestion",
    "pk": 10,
    "fields": {
      "student": 11,
      "coach": 3,
      "suggestion": "1",
      "reason": ""
    }
  },
  {
    "model": "common.suggestion",
    "pk": 11,
    "fields": {
      "student": 6,
      "coach": 4,
      "suggestion": "0",
      "reason": ""
    }
  },
  {
    "model": "common.suggestion",
    "pk": 12,
    "fields": {
      "student": 5,
      "coach": 1,
      "suggestion": "2",
      "reason": ""
    }
  },
  {
    "model": "common.suggestion",
    "pk": 13,
    "fields": {
      "student": 8,
      "coach": 3,
      "suggestion": "2",
      "reason": ""
    }
  },
  {
    "model": "common.suggestion",
    "pk": 14,
    "fields": {
      "student": 10,
      "coach": 8,
      "suggestion": "2",
      "reason": ""
    }
  },
  {
    "model": "common.suggestion",
    "pk": 15,
    "fields": {
      "student": 4,
      "coach": 4,
      "suggestion": "2",
      "reason": ""
    }
  },
  {
    "model": "common.suggestion",
    "pk": 16,
    "fields": {
      "student": 8,
      "coach": 4,
      "suggestion": "2",
      "reason": ""
    }
  },
  {
    "model": "common.projectsuggestion",
    "pk": 1,
    "fields": {
      "reason": "",
      "project": 1,
      "student": 3,
      "coach": 3,
      "skill_id": 3
    }
  },
  {
    "model": "common.projectsuggestion",
    "pk": 2,
    "fields": {
      "reason": "",
      "project": 5,
      "student": 7,
      "coach": 4,
      "skill_id": 7
    }
  },
  {
    "model": "common.projectsuggestion",
    "pk": 3,
    "fields": {
      "reason": "",
      "project": 11,
      "student": 5,
      "coach": 7,
      "skill_id": 2
    }
  },
  {
    "model": "common.projectsuggestion",
    "pk": 4,
    "fields": {
      "reason": "",
      "project": 8,
      "student": 5,
      "coach": 4,
      "skill_id": 5
    }
  },
  {
    "model": "common.projectsuggestion",
    "pk": 5,
    "fields": {
      "reason": "",
      "project": 10,
      "student": 6,
      "coach": 7,
      "skill_id": 3
    }
  },
  {
    "model": "common.projectsuggestion",
    "pk": 6,
    "fields": {
      "reason": "",
      "project": 9,
      "student": 2,
      "coach": 8,
      "skill_id": 2
    }
  },
  {
    "model": "common.projectsuggestion",
    "pk": 7,
    "fields": {
      "reason": "",
      "project": 6,
      "student": 2,
      "coach": 1,
      "skill_id": 2
    }
  },
  {
    "model": "common.projectsuggestion",
    "pk": 8,
    "fields": {
      "reason": "",
      "project": 5,
      "student": 4,
      "coach": 2,
      "skill_id": 4
    }
  },
  {
    "model": "common.projectsuggestion",
    "pk": 9,
    "fields": {
      "reason": "",
      "project": 3,
      "student": 8,
      "coach": 3,
      "skill_id": 4
    }
  },
  {
    "model": "common.projectsuggestion",
    "pk": 10,
    "fields": {
      "reason": "",
      "project": 7,
      "student": 4,
      "coach": 1,
      "skill_id": 3
    }
  }
]
